,Borrego,Gatos,Gallos,Gatitos
mu1.wav,0.013580962,0.245192308,4090.593414,8000
